Holding,Ticker
VG US TM Idx ETF (CAD Hdg),VUS
Vanguard FTSE Cn AC Idx ETF,VCN
Vanguard Can Agg Bond Idx ETF,VAB
"Vanguard Energy Group, Inc.",ESQF
Canadian Imperial Bank Of Commerce,CM
The National Bank Of Coxsackie,NCXS
Scotiabank Chile,SCOTIABKCL
Bank Of Montreal,BMO
Hydro One Limited,H
Franco-Nevada Corporation,FNV
Metro Inc.,MRU
Loblaw Companies Limited,L
Barrick Gold Corporation,ABX
"Waste Connections, Inc.",WCN
Dollarama Inc.,DOL
Rogers Communications Inc.,RCI.B
Quebecor Inc.,QBR.B
TELUS Corporation,T
Choice Properties Reit Unt,CHP.UN
Ritchie Bros. Auctioneers Incorporated,RBA
Thomson Reuters Corporation,TRI.PR.B
Alimentation Couche-Tard Inc,ATD
Smartcentres Rl Esta Unt,SRU.UN
BMO Equal Weight Banks Idx ETF,ZEB
The Toronto-Dominion Bank,TD
Royal Bank Of Canada,RY
The Bank Of Nova Scotia,BNS
China Foods Limited,CFH
Credit Agricole SA,ACAFN
"Mitsubishi UFJ Financial Group, Inc.",MUFGN
National Fittings Limited,531289
Scotia Cdn LC Eq In Track ETF,SITC
Manulife Financial Corp,MFC
Colonial Coal International Corp.,CAD
Canadian Western Bank,CWB
BMO Equal Weight Utilities ETF,ZUT
Pembina Pipeline Corporation,PBA
TC Energy Corporation,TRP
Exelon Corporation,EXC
The Southern Company,SO
Duke Energy Corporation,DUK
Verizon Communications Inc.,VZ
At&T Inc.,T
"Kinder Morgan, Inc.",KMI
Algonquin Power & Utilities Corp.,AQN
"Nextera Energy, Inc.",NEE
TransAlta Corporation,TAC
Canadian National Railway Company,CNR
Canadian Natural Resources Limited,CNQ
Nutrien Ltd.,NTR
Imperial Oil Limited,IMO
Apple Inc.,AAPL
Microsoft Corporation,MSFT
"Amazon.Com, Inc.",AMZN
Alphabet Inc.,GOOG
"Tesla, Inc.",TSLA
Berkshire Hathaway Inc.,BRK.B
Suncor Energy Inc.,SU
Johnson & Johnson,JNJ
Campbell Soup Company,CPB
Pfizer Inc.,PFE
"Merck & Co., Inc.",MRK
Coterra Energy Inc.,CTRA
Kellogg Company,K
Dollar General Corporation,DG
Quest Diagnostics Incorporated,DGX
Northrop Grumman Corporation,NOC
"Cboe Global Markets, Inc.",CBOE
Newmont Corporation,NEM
"Domino'S Pizza, Inc.",DPZ
The Kroger Co.,KR
"Dollar Tree, Inc.",DLTR
Lockheed Martin Corporation,LMT
Mcdonald'S Corporation,MCD
Bristol-Myers Squibb Company,BMY
Hormel Foods Corporation,HRL
"Consolidated Edison, Inc.",ED
The Clorox Company,CLX
"Autozone, Inc.",AZO
Enbridge Inc.,ENBA
Brookfield Renewable Power Preferred Equity Inc,BRF.PR.B
Canadian Utilities Limited,CU.PR.I
AltaGas Ltd.,ALA
iShares Core MSCI EAFE IMI,XFH
iShares Core MSCI EmMkts,IEMG
Constellation Software Inc.,CSU
Cgi Inc.,GIB.A
Toromont Industries Ltd.,TIH
Open Text Corporation,OTEX
Ccl Industries Inc.,CCL.B
The Descartes Systems Group Inc.,DSG
Restaurant Brands International Inc.,QSR
Richelieu Hardware Ltd.,RCH
Eli Lilly And Company,LLY
Thermo Fisher Scientific Inc.,TMO
Astrazeneca Plc,0A4J
Amgen Inc.,AMGN
Abbvie Inc.,ABBV
Zoetis Inc.,ZTS
"Elevance Health, Inc.",ELV
Novartis Inc.,NVS
Abbott Laboratories,ABT
Medtronic Public Limited Company,MDT
"Regeneron Pharmaceuticals, Inc.",REGN
Boston Scientific Corporation,BSX
"Agilent Technologies, Inc.",A
Stryker Corporation,SYK
"Hca Healthcare, Inc.",HCA
"The Goldman Sachs Group, Inc.",GS
Xperi Holding Corporation,XPER
Delivery Hero SE,DHER
Dti Group Ltd,DTI
Adidas AG,ADS
U.S. Bancorp,USB
"Uber Technologies, Inc.",UBER
Jpmorgan Chase & Co.,JPM
"The Home Depot, Inc.",HD
Chevron Corporation,CVX
The Coca-Cola Company,KO
The Procter & Gamble Company,PG
Intel Corporation,INTC
International Business Machines Corporation,IBM
"Cisco Systems, Inc.",CSCO
"United Parcel Service, Inc.",UPS
Comcast Corporation,CMCSA
Texas Instruments Incorporated,TXN
Qualcomm Incorporated,QCOM
CI Financial Corp.,CIX
Home Capital Group Inc.,HCG
Igm Financial Inc.,IGM
Summit Industrial Income Reit Unt,SMU.UN
Dream Industrial Reit Unt,DIR.UN
Mackenzie Cdn ST Bd Idx ETF,QSB
International Finance Corp,IFN.SB.A
Mackenzie Gl Sust Bd ETF,MGSB
Parkland Corporation,PKI
LVMH Moet Hennessy Louis Vuitton SE,MC
Roche Holding Ltd,RO
Sanofi SA,0A2V
Gsk Plc,GSK
Enel SpA,ENEL
Volkswagen AG,VOW3
Novo Nordisk A/S,NVO
Zurich Insurance Group Ltd,ZURN
Basf Se,BASA
Nordea Bank Abp,NDA FI
UPM-Kymmene Oyj,UPM
"T-Mobile Us, Inc.",TMUS
Tenet Healthcare Corporation,THC
Centene Corporation,CNC
Bausch Health Companies Inc.,BHC
"Lumen Technologies, Inc.",LUMN
Standard Industries Limited,SIL
Iqvia Holdings Inc,IQV
"Ulta Beauty, Inc.",ULTA
Raytheon Technologies Corporation,RTX
Mckesson Corporation,MCK
"Palo Alto Networks, Inc.",PANW
Chubb Ltd,CB
Devon Energy Corporation,DVN
"Corteva, Inc.",CTVA
Hoya Corporation,HYB
Conocophillips,COP
"Marsh & Mclennan Companies, Inc.",MMC
"Arista Networks, Inc.",ANET
Freeport-Mcmoran Inc.,FPMB
Anglo American Plc,NGLB
"East West Bancorp, Inc.",EWBC
Svb Financial Group,SV4
Synchrony Financial,SYF PR A
Prudential Public Limited Company,PRU
Burford Capital Limited,BUR
BAWAG Group AG,BG
Conduit Holdings Limited,CRE
"Fidelity National Information Services, Inc.",FIS
Intact Financial Corporation,IFCN
Cenovus Energy Inc.,CXD0
Brookfield Office Properties Inc.,BPO.PR.I
Granite Real Estate Inv Stapled Unt,GRT.UN
Chartwell Retirement Resid Reit Unt,CSH.UN
Canadian Apartment Prop Reit Unt,CAR.UN
Tricon Residential Inc,TCN
BSR Real Estate Investment Trust,HOM.DB.U
Killam Apartment Reit Cl A Unt,KMP.UN
Morguard North American Residential Real Estate Investment Trust,MRG.DB.A
Fidelity Holding Corp.,FDHC
Ultra Brands Ltd.,ULTA
"Charter Communications, Inc.",CHTR
Brookfield Asset Management Inc.,BAMGF
"Servicenow, Inc.",NOW
Intuit Inc.,INTU
Oracle Corporation,ORCL
Lam Research Corporation,LRCX
"Applied Materials, Inc.",AMAT
"Analog Devices, Inc.",ADI
Accenture Public Limited Company,ACN
Adobe Inc.,ADBE
"Salesforce, Inc.",CRM
"Micron Technology, Inc.",MU
"Meta Platforms, Inc.",META
Broadcom Inc.,AVGO
"Vmware, Inc.",VMW
"Advanced Micro Devices, Inc.",AMD
Mackenzie Fltg Rate Inc ETF,MFT
Philip Morris International Inc.,PM
"Pepsico, Inc.",PEP
"Altria Group, Inc.",MO
"Waste Management, Inc.",WM
Danaher Corporation,DHR PR B
Lumentum Holdings Inc.,LITE
Deere & Company,DE
Msci Inc.,MSCI
Steris Public Limited Company,STE
"Tetra Tech, Inc.",TTEK
Topbuild Corp.,BLD
Alcon Inc.,ALC
"Calix, Inc.",CALX
Hdfc Bank Limited,HDB
"Bio-Rad Laboratories, Inc.",BIO
"Nike, Inc.",NKE
Mastercard Incorporated.,MA
"Ameriprise Financial, Inc.",AMP
Visa Inc.,V
Amerisourcebergen Corporation,ABC
"Automatic Data Processing, Inc.",ADP
"Paychex, Inc.",PAYX
"H & R Block, Inc.",HRB
Colgate-Palmolive Company,CL
"Simon Property Group, Inc.",SPG PR J
Iron Mountain Incorporated,IRM
Marathon Petroleum Corporation,MPC
Nippon Building Fund Inc.,S4C
Tryg A/S,TGVSF
Newcrest Mining Limited,NCM
Grifols SA,GRF
Chocoladefabriken Lindt & Spruengli AG,0QKN
Northern Star Resources Ltd,NST
Qiagen NV,QGEN
Wolters Kluwer NV,WKL
Enagas SA,ENG
Elisa Oyj,ELISA
Eurofins Scientific SE,ESF
Sartorius Stedim Biotech SA,DIM
Ipsen SA,IPN
Teleperformance SE,TEP
Relx Plc,RELN
Bhp Group Limited,BHP
Nippon Telegraph And Telephone Corporation,NPPXF
Toyota Motor Corporation,TM
Shell Plc,SHEL
Caterpillar Inc.,CAT
The Walt Disney Company,DIS
Vanguard Cdn Corp Bd Idx ETF,VCB
SBA Communications Corporation,SBAC
"The Williams Companies, Inc.",WMB
Entergy Corporation,ETR
Sempra Energy,SREA
"Cheniere Energy, Inc.",LNG
"Equinix, Inc.",EQIX
Transurban Group,TRAUF
Hess Midstream Lp,HESM
Cigna Corporation,CI
Fedex Corporation,FDX
Dow Inc.,DOW
General Motors Company,GM
"Eog Resources, Inc.",EOG
Cvs Health Corporation,CVS
"Moderna, Inc.",MRNA
Global Payments Inc.,GPN
Citigroup Inc.,C
Costco Wholesale Corporation,COST
3M Company,MMM
"Intuitive Surgical, Inc.",ISRG
Lululemon Athletica Inc.,LULU
"T. Rowe Price Group, Inc.",TROW
Illinois Tool Works Inc.,ITW
"Paypal Holdings, Inc.",PYPL
Target Corporation,TGT
Marketaxess Holdings Inc.,MKTX
Edwards Lifesciences Corporation,EW
Monster Beverage Corporation,MNST
Factset Research Systems Inc.,FDS
"Ontario, Province of",ONT.SB.A
iA Financial Corporation Inc.,IAG
Northland Power Inc.,NPI.PR.B
Evolve Cd Bk and Lfc En Yield,BANK
"Keysight Technologies, Inc.",KEYS
"Fortinet, Inc.",FTNT
Horizons Cash Maximizer ETF,HSAV
"Host Hotels & Resorts, Inc.",HST
Regions Financial Corporation,RF
First Republic Bank,FRC
"The Pnc Financial Services Group, Inc.",PNC
Western Alliance Bancorporation,WAL PR A
Huntington Bancshares Incorporated,HBAN
M&T Bank Corporation,MTB
Wells Fargo & Company,WFC
Comerica Incorporated,CMA
Truist Financial Corporation,TFC
Fifth Third Bancorp,FITB
"Citizens Financial Group, Inc.",CFG
Keycorp,KEY
Occidental Petroleum Corporation,OXY
Equinor ASA,EQNR
Brazilian Petroleum Corporation - Petrobras,PBR
Bp P.L.C.,BP
Pioneer Natural Resources Company,PXD
Eni SpA,E
"Option Care Health, Inc.",OPCH
IRCE SpA,IRC
Future Plc,FUTR
"O'Reilly Automotive, Inc.",ORLY
"White Mountains Insurance Group, Ltd.",WTM
"Exelixis, Inc.",EXEL
Fair Isaac Corporation,FICO
"Neurocrine Biosciences, Inc.",NBIX
"Mercury Systems, Inc.",MRCY
"Bwx Technologies, Inc.",BWXT
"General Mills, Inc.",GIS
"Grand Canyon Education, Inc.",LOPE
Vertex Pharmaceuticals Incorporated,VRTX
Caci International Inc.,CACI
"Everest Re Group, Ltd.",RE
"Vir Biotechnology, Inc.",VIR
Science Applications International Corporation,SAIC
Dell Technologies Inc.,DELL
General Dynamics Corporation,GD
Dbs Group Holdings Ltd,DBSDF
American Express Company,AXP
Linde Public Limited Company,LIN
Union Pacific Corporation,UNP
Bae Systems Plc,BSPA
The Estee Lauder Companies Inc.,EL
The North West Company Inc.,NWC
Russel Metals Inc.,RUS
Labrador Iron Ore Royalty Corporation,LIF
Northwest Healthcare Properties Real Estate Investment Trust,NWH.DB.G
L'Oreal SA,LRLCY
Tsuruha Holdings Inc.,TSUSF
"Daito Trust Construction Co.,Ltd.",DITTF
Rea Group Ltd,RPGRF
ANTA Sports Products Limited,AS7
Hexagon AB,HXGBF
"Medical Properties Trust, Inc.",MPW
"Republic Services, Inc.",RSG
Epr Properties,EPR PR G
Schneider Electric SE,SU
Horizons S&P 500 Index ETF,HXS
Horizons Hi Interst Savngs ETF,CASH
iShares Biotechnology,IBB
Horizons S&PTSX CapCmp Idx ETF,HXCN
Horizons Gold Yield ETF,HGY
Horizons US DollarCurrency ETF,DLR
Hor EquWeight Cda REIT Idx ETF,HCRE
Honeywell International Inc.,HON
"The Travelers Companies, Inc.",TRV
The Boeing Company,BA
Cintas Corporation,CTAS
"Activision Blizzard, Inc.",ATVI
"Roper Technologies, Inc.",ROP
Moody'S Corporation,MCO
"Advance Auto Parts, Inc.",AAP
American Tower Corporation,AMT
Microchip Technology Incorporated,MCHP
The Sherwin-Williams Company,SHW
"Lowe'S Companies, Inc.",LOW
Allegion Public Limited Company,ALLE
Takeda Pharmaceutical Company Limited,TAK
"Mizuho Financial Group, Inc.",MFG
"Royal Gold, Inc.",RGLD
Endeavour Mining Plc,EDV
Wheaton Precious Metals Corp.,WPM
Pan American Silver Corp.,PAAS
Anglogold Ashanti Ltd,AU
Sibanye Stillwater Limited,SBSW
B2Gold Corp.,BTG
Yamana Gold Inc.,AUY
SSR Mining Inc.,SSRM
Kinross Gold Corporation,KGC
Lenovo Group Limited,LNVGF
"Autodesk, Inc.",ADSK
Terraform Realstate Ltd,512157
Eaton Corporation Public Limited Company,ETN
BMO UST US Bd-U,ZUSFF
BMO Ultra Short-Term Bond ETF,ZSTTF
Tourmaline Oil Corp.,TOU
"American International Group, Inc.",AIG
Energy Transfer Lp,ET PR D
Banco Santander SA,SAN
Athene Holding Ltd.,ATH PR D
Horizons US Large Cap Idx ETF,HULC.U
Horizons S&P/TSX 60 Index ETF,HXT
Hzn Emerg Mkts Equity Idx ETF,HXEM
Horizons Europe 50 Index ETF,HXX
Alamos Gold Inc.,AGI
Centerra Gold Inc.,CG
Equinox Gold Corp.,EQX
Amcor plc,AMCR
"Quanta Services, Inc.",PWR
"Expedia Group, Inc.",EXPE
"Synopsys, Inc.",SNPS
Power Financial Corporation,PWF.PR.Q
Element Fleet Management Corp.,EFN.DB.B
BMO S&P/TSX Cap Comp Idx ETF,ZCN
BMO MSCI EAFE Index ETF,ZEA
BMO Aggregate Bond Index ETF,ZAG
BMO MSCI Emerging Mkts Idx ETF,ZEM
BMO Government Bond Index ETF,ZGB
BMO S&P US Mid,ZMID
BMO S&P US Sml,ZSML
Shaw Communications Inc.,SJR.B
Ct Reit Unt,CRT.UN
Horizons CDN Select UnivBd ETF,HBB
H And R Real Estate Investment Unt,HR.UN
Globe Life Inc.,GL
"Principal Financial Group, Inc.",PFG
Aflac Incorporated,AFL
"Prudential Financial, Inc.",PRU
Lincoln National Corporation,LNC
RBC Trgt 2027 Corp Bd Indx ETF,RQP
RBC Trgt 2026 Cor Bnd Indx ETF,RQO
RBC Target 2025 Cor Bd Idx ETF,RQN
RBC Target 2024 Cor Bd Idx ETF,RQL
RBC Target 2023 Cor Bd Idx ETF,RQK
Vodafone Group Public Limited Company,VODI
"Avangrid, Inc.",AGR
Edison International,EIX
"Oneok, Inc.",OKE
Electricite de France SA,EDF
Telia Company AB,TELIA
S&P Global Inc.,SPGI
Enerplus Corporation,ERF
KONE Corporation,KNYJF
Mercedes Benz Group AG,DAII
La Francaise des Jeux SA,LFDJF
Sienna Senior Living Inc.,SIA
Gibson Energy Inc.,GEI
BMO Corporate Bond Index ETF,ZCB
BMO Canadian Dividend ETF,ZDV
BMO International Dividend ETF,ZDI
BMO Prem Y USD,ZPAY.U
Ovintiv Inc.,OVV
Arc Resources Ltd.,ARX
Freehold Royalties Ltd.,FRU
Wsp Global Inc.,WSP
Prairiesky Royalty Ltd.,PSK
Maple Leaf Foods Inc.,MFI
Great-West Lifeco Inc.,GWO
"Prologis, Inc.",PLD
Crombie Real Estate Investmnt Tr Unt,CRR.UN
"Alexandria Real Estate Equities, Inc.",ARE
"Stag Industrial, Inc.",STAG
"Sun Communities, Inc.",SUI
"First Industrial Realty Trust, Inc.",FR
Colliers International Group Inc.,FSV
Aena SME SA,AENA
"Dominion Energy, Inc.",DOEN
Iberdrola SA,IBE
"Pacific Airport Group, S.A.B. de CV",GAPB
Targa Resources Corp.,TRGP
Atlas Arteria Group,M82
Rwe Ag,RWE
Ameren Corporation,AE4
Trisura Group Ltd.,TSU
First Quantum Minerals Ltd.,FM
iShares 20+ Trs Bd ETF,TLT
iShares S&P/TSX 60 Index ETF,IUTSF
Purpose Strategic Yield Fd ETF,SYLD
Purpose Int. Dividend ETF,PID
Purpose Cand Pref Share Fund,RPS
European Residential Reit Unt,ERE.UN
Automotive Properties Reit Unt,APR.UN
Nexus Industrial Rei Unt,J6D
Big Banc Split Corp.,BNK.PR.A
Purpose High Interest Sav ETF,PSA
Nucor Corporation,NUO
Aon plc,AON
Keurig Dr Pepper Inc.,DP5
Fairfax Financial Holdings Limited,FFH
Capital Power Corporation,CPX
Emera Incorporated,EMA
"Catalent, Inc.",CTLT
PIMCO Monthly Income ETF Srs,PMIF
Diageo Plc,DEO
Archer-Daniels-Midland Company,ADM
The Hershey Company,HSY
"Motorola Solutions, Inc.",MSI
Granite Point Mortgage Trust Inc.,GPMT
Curo Group Holdings Corp.,CURO
Chesapeake Energy Corporation,CHK
"Enova International, Inc.",ENVA
Trulieve Cannabis Corp.,T0A
"Apollo Commercial Real Estate Finance, Inc.",ARI
Ayr Wellness Inc.,3KJB
Stonemor Inc.,STON
"Blackstone Mortgage Trust, Inc.",BXMT
Rithm Capital Corp.,RITM
"Lsb Industries, Inc.",LXU
Tenneco Inc.,TEN
iSh Core Cdn Univ Bd Idx ETF,ISARF
iShares US Treasury Bond,GOVT
Crown Castle Inc.,CCI
"Cf Industries Holdings, Inc.",CF
Fmc Corporation,FMC
Sociedad Quimica y Minera de Chile SA,QYM
Weyerhaeuser Company,WY
"Avalonbay Communities, Inc.",AVB
Extra Space Storage Inc.,EXR
The Mosaic Company,MOS
Realty Income Corporation,O
"Taiwan Semiconductor Manufacturing Co., Ltd.",TSM
"Chunghwa Telecom Co., Ltd.",CHT
Bank Of China Limited,BACHY
"Samsung Electronics Co., Ltd.",SSNHZ
Alibaba Group Holding Limited,BABA
Reliance Industries Limited,RLI
First Financial Holding Co. Ltd.,2892
Dr.Reddy'S Laboratories Ltd,RDY
Infosys Limited,INFY
Formosa Chemicals & Fibre Corporation,1326
KT&G Corporation,KTCIY
"Taiwan Cooperative Financial Holding Co., Ltd.",5880
NAVER Corporation,NHNCF
China Shenhua Energy Company Limited,CUAEF
Zto Express (Cayman) Inc.,ZTO
"Hua Nan Financial Holdings Co., Ltd.",2880
"Samsung Biologics Co.,Ltd.",207940
"Taiwan Mobile Co., Ltd.",3045
Wipro Limited,WIT
Duke Realty Corporation,DRE
"Mid-America Apartment Communities, Inc.",MAA
"Cbre Group, Inc.",CBRE
Camden Property Trust,CPT
China Overseas Grand Oceans Group Limited,81
"Udr, Inc.",UDR
"Tokyo Tatemono Co., Ltd.",T6R
Safestore Holdings Plc,SAFEN
Merlin Properties SOCIMI SA,MRLN
"Life Storage, Inc.",LSI
Segro Public Limited Company,SGRON
Site Centers Corp.,SITC
"Essex Property Trust, Inc.",ESS
Invesco F R SMid,PRFZ
Citigroup Capital XIII,C PR N
Brookfield Renewable Partners L.P.,BEP PR A
"Take-Two Interactive Software, Inc.",TTWO
Tractor Supply Company,TSCO
Bayer AG,BAYA
Laboratory Corporation Of America Holdings,LH
Humana Inc.,HUM
Invitation Homes Inc.,INVH
Vici Properties Inc.,VICI
"Switch, Inc.",SWCH
Shopify Inc.,SHOP
Crescent Point Energy Corp.,CPG
TFI International Inc.,TFII
Interfor Corporation,IFP
Stelco Holdings Inc.,STLC
Lundin Mining Corporation,LUN
"Fiserv, Inc.",FISV
"Cadence Design Systems, Inc.",CDNS
KLA Corporation,KLAC
Cognizant Technology Solutions Corporation,CTSH
"Delek Us Holdings, Inc.",DK
The Western Union Company,WU
"Cardinal Health, Inc.",CAH
LyondellBasell Industries NV,LYB
Seagate Technology Holdings Public Limited Company,STX
"Juniper Networks, Inc.",JNPR
"Huntington Ingalls Industries, Inc.",HII
iShares MSCI S Arabia,KSA
Meituan,MPNGY
Icici Bank Limited,ICICIBANK
Tata Consultancy Services Limited,TCS
Sbi Life Insurance Company Limited,540719
Sbi Cards And Payment Services Limited,SBICARD
"Haier Smart Home Co., Ltd.",QIHCF
"Yum China Holdings, Inc.",YUMC
BB Seguridade Holding Corp,BBSE3
Barclays Plc,OIL
Ares Capital Corporation,9A2
"Marvell Technology, Inc",MRVL
Schlumberger N.V.,SLB
Carlisle Companies Incorporated,CSL
"West Pharmaceutical Services, Inc.",WST
Marathon Oil Corporation,MRO
GCL Technology Holdings Limited,3GY
"Enphase Energy, Inc.",ENPH
Corporacion Acciona Energias Renovables SA,ANEN
"Solaredge Technologies, Inc.",SEDG
ERG SpA,ERGN
"Ormat Technologies, Inc.",ORA
Neoen SA,NEOEN
Atlantica Sustainable Infrastructure Plc,AY
Orsted A/S,D2G
TransAlta Renewables Inc.,TRSWF
Xinyi Energy Holdings Limited,3868
Verbund AG,OEWA
Meridian Energy Limited,MEL
Sse Plc,SCT
Infratil Limited,IFTHA
Mercury Nz Limited,MCY
Contact Energy Limited,CEN
"Shoals Technologies Group, Inc.",SHLS
China Longyuan Power Group Corporation Limited,916
Forestiere Equatoriale SA,FORE
"Halozyme Therapeutics, Inc.",HALO
Apa Group Unt,PJZ
Boc Hong Kong (Holdings) Limited,BNKHF
Hsbc Holdings Plc,HBCYF
Terna Energy S.A.,44T
Antero Midstream Corporation,AM
Engie SA,ENGI
Vistra Corp.,VST
Naturgy Energy Group SA,GAS
Italgas SpA,IG
"Omega Healthcare Investors, Inc.",OHI
Jiangsu Expressway Company Limited,JEXYY
Sony Group Corporation,SONY
AIA Group Limited,7A2
Keyera Corp.,KEY
MSCI US ESG Ld,ESGY.F
BMO ESGA Can Eq,ESGA
Bmo Esge E E,ESGE
BMO ESG Corp Bd,ESGB
Jamieson Wellness Inc.,JWEL
iShares Core S&P 500,IVV
Purpose Global Bond ETF,BND
iShares ESG Adv MSCI USA,USXF
iShares ESG Adv MSCI CAD ETF,XCSR
iShares ESG Adv MSCI EAF,DMXF
iShares S&P/TSX Comp Index ETF,XMD
iShares MSCI EAFE Sm-Cp,SCZ
iShares Micro-Cap,IWC
iShares Russ 2000 Vl ETF,IWN
Eversource Energy,ES
Nisource Inc.,NI
"Jack Henry & Associates, Inc.",JKHY
Cms Energy Corporation,CMS
Kimberly-Clark Corporation,KMB
Xcel Energy Inc.,XEL
Baxter International Inc.,BAX
Lpl Financial Holdings Inc.,LPLA
Cadence Bank,CADE
"Veritex Holdings, Inc.",VBTX
"Voya Financial, Inc.",VOYA PR B
"Raymond James Financial, Inc.",RJF
"Pinnacle Financial Partners, Inc.",PNFPP
Arthur J. Gallagher & Co.,AJG
Cme Group Inc.,CME
Booking Holdings Inc.,BKNG
"Verisk Analytics, Inc.",VRSK
BMO NASDAQ 100 Hedged Idx ETF,ZQQ
CI WT US Qt Div Gro Ix ETF Hgd,DGR
iShares Em Mkts Div,DVYE
Larsen And Toubro Limited,500510
"Jd.Com, Inc.",JD
RBC Quan EAFE Div Lds ETF(USD),RID.U
"Plantronics, Inc.",POLY
Rogers Corporation,ROG
"Welbilt, Inc.",6M6
"Sailpoint Technologies Holdings, Inc.",SAIL
LifeWorks Inc.,MSIXF
"Meritor, Inc.",MTOR
"Citrix Systems, Inc.",CTXS
M3-Brigade Acquisition Ii Corp.,MBAC
Isleworth Healthcare Acquisition Corp,ISLE
Monument Circle Acquisition Corp.,MON
26 Capital Acquisition Corp,ADER
Avanti Acquisition Corp.,AVAN
IG Acquisition Corp,IGAC
Liberty Media Acquisition Corporation,LMACA
CONX Corp,CONX
Forest Road Acquisition Corp II,FRXB
Northview Acquisition Corporation,NVAC
Invesco Ltd.,IVZ
Invesco S&P MidCp LV,XMLV
Invesco S&P SmCp LV,XSLV
Mizrahi Tefahot Bank Ltd,MZTFF
Rentokil Initial Plc,RKLIF
Norsk Hydro ASA,NHYDY
Thales SA,HO
Intercontinental Hotels Group Plc,ICHGF
Icl Group Ltd,ICL
FT IV Senior Loan,FTSL
Gildan Activewear Inc.,GIL
Aritzia Inc.,ATZ
Finning International Inc.,FTT
iShares MSCI Em Mkt Asia,EEMA
China Construction Bank Corporation,939
"Netease, Inc.",NTES
Byd Company Limited,BYDDY
Industrial And Commercial Bank Of China Limited,1398
Vale SA,VALE
Nestle India Limited,NESTLEIND
Page Industries Limited,PAGEIND
Colgate-Palmolive (India) Limited,COLPAL
Realtek Semiconductor Corp.,RLTQY
"Bank of Communications Co., Ltd.",C4C
China Citic Bank Corporation Limited,D7C
Advanced Info Service Public Company Limited,AVIFY
Worldwide Healthcare Trust Plc,WWH
Cogeco Communications Inc.,COG
American States Water Company,AWR
Equity Commonwealth,EQC
"Aptargroup, Inc.",ATR
Amdocs Limited,DOX
Piedmont Lithium Inc.,PLL
"Flowers Foods, Inc.",FLO
"Church & Dwight Co., Inc.",CHD
Wesfarmers Limited,WES
City Holding Company,CHCO
Purpose BitcoinCADETFNonCurHdg,BTCC.B
The Progressive Corporation,PGR
Telstra Corporation Limited,TTRAF
Quilter Plc,QUILF
BMO Lad Pref Share Idx ETF,ZPR
Dynamic Active Pref Shares ETF,DXP
"Starwood Property Trust, Inc.",STWD
Keg Royalties Income Unt,KEG.UN
Boston Pizza Royalties Income Unt,BPF.UN
Topaz Energy Corp.,TPZ
BMO US Put Write ETF,ZPW
US LrgCap Eq Idx ETF (CAD-Hgd),QAH
Mackenzie Cdn Agg Bd Idx ETF,QBB
Mackenzie Canadian Eq Idx ETF,QCN
Mack Int Eq Idx ETF (CAD-Hgd),QDXH
Mackenzie Emer Mkts Eq Idx ETF,QEE
TD U.S. Equity Index ETF,TPU
TD Canadian Equity Index ETF,TTP
TD Glo Tech Leaders Index ETF,TEC
TD International Eq Idx ETF,TPE
TD Q Cad LV ETF,TCLV
TD Q Global Dividend ETF,TQGD
TD Q Global Multifactor ETF,TQGM
TD US LongTerm Treasury Bd ETF,TULB
TD Q U.S. Small-Mid-Cap Eq ETF,TQSM
Invesco Senior Loan,BKLN
Elanco Animal Health Incorporated,ELAN
Godaddy Inc.,GDDY
"Gray Television, Inc.",GTN
Qualitas Controladora SAB de CV,QUCOF
Gjensidige Forsikring ASA,GJNSF
Dometic Group AB (publ),DTCGF
Discovery Silver Corp.,DSV
Odontoprev SA,ODPV3
Accelerate Arbitrage Fund,ARB
SPDR Blackstone Sr Loan,SRLN
Accelerate Abs Rtn Hdg Fd,HDGE
Tidal RPAR Risk Parity,RPAR
BMO Can MBS ETF,ZMBS
iShares MBS ETF,MBB
BMO Glo Infrastructure Idx ETF,ZGI
Interrent Reit Unt,IIP.UN
"National Retail Properties, Inc.",NNN
"Renaissance,Incorporated",RNNCF
BMO Mid Federal Bond Index ETF,ZFM
iShares iBoxx $HY Corp,HYG
National Grid Plc,NGGTF
Skandinaviska Enskilda Banken AB,SEB C
Veolia Environnement SA,VEOEF
Eastfield Resources Ltd.,ETF
RBC Quant Eupn Div Lds ETF USD,RPD.U
Firstenergy Corp.,FE
Nextera Energy Partners Unt,NEP
"Wec Energy Group, Inc.",WEC
Constellation Energy Corporation.,CEG
Evolve Ftr Ldrshp Fnd ETF USD,LEAD.U
"Twitter, Inc.",TWTR
Evolve Metaverse ETF,MESH
Seagen Inc.,SGEN
Petershill Partners Plc,PHLL
Fs Kkr Capital Corp.,FSK
Equifax Inc.,EFX
Kkr & Co. Inc.,KKR
"Apollo Global Management, Inc.",APO
iShares TIPS Bd ETF,TIP
Atlantia SpA,ATASY
"Dt Midstream, Inc.",DTM
Premium Brands Holdings Corporation,PRBZF
FirstService Corp,FSV
HKT Trust and HKT Limited,HKTTY
Power Assets Holdings Limited,6
Clp Holdings Limited,2
"Southwest Gas Holdings, Inc.",SWX
Alleghany Corporation,Y
Renaissancere Holdings Ltd.,RNR
Reliance Steel & Aluminum Co.,RS
"Hawaiian Electric Industries, Inc.",HE
Tegna Inc.,TGNA
Sei Investments Company,SEIC
"Lincoln Electric Holdings, Inc.",LECO
Chemed Corporation,CHE
Sonoco Products Company,SON
"Werner Enterprises, Inc.",WERN
"The Hanover Insurance Group, Inc.",THG
"Landstar System, Inc.",LSTR
"Mdu Resources Group, Inc.",MDU
"Emcor Group, Inc.",EME
"Exponent, Inc.",EXPO
National Storage Affiliates Trust,NSA PR A
Old Republic International Corporation,ORI
Jabil Inc.,JBL
"Simpson Manufacturing Co., Inc.",SSD
Agree Realty Corporation,ADC PR A
Assura Plc,AGR
Ascendas Unt,ACDSF
Keppel Dc Reit Unt,KPDCF
"Highwoods Properties, Inc.",HIW
"Hannon Armstrong Sustainable Infrastructure Capital, Inc.",HASI
LEG Immobilien SE,LEG
Federal Realty Investment Trust,FRT
"Innovative Industrial Properties, Inc.",IIPR
Charter Hall Grp Stapled Unt,CTOUF
Goodman Group Unt,GMGSF
PSP Swiss Property Ltd,PSPN
"Intercontinental Exchange, Inc.",ICE
TD Canadian Aggr Bond Idx ETF,TDB
TD Cdn LongTerm Federal Bd ETF,TCLB
TD Active Global Income ETF,TGFI
TD Active U.S. High Yld Bd ETF,TUHY
Saputo Inc.,SAP
Snowflake Inc.,SNOW
"Datadog, Inc.",DDOG
Nu Holdings Ltd,NU
Willis Towers Watson Public Limited Company,0Y4Q
Farfetch Limited,FTCH
Sea Limited,SE
"Workday, Inc.",WDAY
Twilio Inc.,TWLO
"Zendesk, Inc.",ZEN
Carvana Co.,CVNA
"Block, Inc.",SQ
Nexgen Energy Ltd.,NXE
Darling Ingredients Inc.,DAR
"Chart Industries, Inc.",GTLS
Generac Holdings Inc.,GNRC
"Chargepoint Holdings, Inc.",CHPT
Hf Sinclair Corporation,DINO
Sunrun Inc.,RUN
Nibe Industrier AB,NJB
Plug Power Inc.,PLUG
Advantage Energy Ltd.,AAV
Cameco Corporation,CCJ
Vermilion Energy Inc.,VET
"First Solar, Inc.",FSLR
The Aes Corporation,AES
The Goodyear Tire & Rubber Company,GTR
Albemarle Corporation,ALB
Aker Carbon Capture ASA,AKCCF
Standard Lithium Ltd.,SLI
"United Airlines Holdings, Inc.",UAL
"Alpha Metallurgical Resources, Inc.",AMR
"Marriott International, Inc.",MAR
International Paper Company,IP
Canon Inc.,CAJ
Koninklijke Philips NV,PHG
BMO Short Corp Bond Index ETF,BMCBF
"Hg Holdings, Inc.",STLY
American Airlines Group Inc.,AAL
Canada Goose Holdings Inc.,GOOS
Graham Holdings Company,GHC
Ion Energy Ltd.,IONGF
"Janus International Group, Inc.",JBI
Ubisoft Entertainment SA,UBI
Tencent Holdings Limited,NNN1
"Exp World Holdings, Inc.",EXPI
Electronic Arts Inc.,EA
Roblox Corporation,RBLX
"Coinbase Global, Inc.",COIN
Snap Inc.,SNAP
"Matterport, Inc.",MTTR
Lennar Corporation,LEN
"The Tjx Companies, Inc.",TJX
Spdr S&P 500 Etf,SPY
Core Canadian LgTrm Bd Idx ETF,IOOXF
iShares Cdn Rl Rtn Bd Idx ETF,ICDXF
Commonwealth Bank Of Australia,CBA
Uniti Group Inc.,UNIT
Neste Corporation,NESTE
"Open House Group Co.,LTD.",O4H
Trend Micro Incorporated,TMICY
Volvo AB,VOLV B
Medical Facilities Corporation,DR
Uni-Select Inc.,U04
"Encore Capital Group, Inc.",ECPG
"A-Mark Precious Metals, Inc.",AMRK
"Academy Sports And Outdoors, Inc.",ASO
"Autonation, Inc.",AN
Masco Corporation,MAS
"Coca-Cola Consolidated, Inc.",COKE
Landsea Homes Corporation,LSEA
Zim Integrated Shipping Services Ltd,ZIM
Evercore Inc.,EVR
Concentrix Corporation,CNXC
Hardwoods Distribution Inc.,HDI
Credit Acceptance Corporation,CACC
"Build-A-Bear Workshop, Inc.",BBW
RBC Quant US Eq Lds (Hgd) ETF,RUEH
Range Resources Corporation,RRC
Woodside Energy Group Ltd,WDSN
Zebra Technologies Corporation,ZBRA
Apa Corporation,APA
Tenaris SA,TS
iShares Core MSCI Europe,IEUR
Invesco DB MS Agri,DBA
iShares MSCI UK,EWU
iShares MSCI Mexico,EWW
iShares MSCI India,INDA
iShares MSCI S Africa,EZA
VanEck Russia,RSX
iShares MSCI Brazil,EWZ
Invesco DB MS BMtl,DBB
iShares Russ 2000 ETF,IWM
iShares MSCI Australia,EWA
iShares MSCI Hong Kong,EWH
Glbl X Copper Miners ETF,COPX
Sprott Physical Uranium Unt,SRUUF
Glbl X Uranium ETF,URA
Invesco DB MS Engy,DBE
Global Base Mtls Idx ETF,XBM
iShares S&P/TSX CapEgy Idx ETF,IUNSF
Air Canada,AC
Columbia Sportswear Company,COLM
"Rollins, Inc.",ROL
"Brown & Brown, Inc.",BRO
"Burlington Stores, Inc.",BURL
Graphic Packaging Holding Company,GPK
"The Hain Celestial Group, Inc.",HAIN
Rpm International Inc.,RPM
"Papa John'S International, Inc.",PZZA
"Patterson Companies, Inc.",PDCO
Bruker Corporation,BRKR
Mack US TIPS Idx ETF (CAD-Hgd),QTIP
TD Q Canadian Dividend ETF,TQCD
Mercadolibre Inc,MELI
Venture Corporation Limited,VEMLY
Becle SAB de CV,CUERVO
Localiza Rent a Car SA,RENT3
Wuxi Biologics (Cayman) Inc.,WXIBF
Ipg Photonics Corporation,IPGP
Globant SA,GLOB
Weg Sa,WEGE3
Genmab A/S,GMAB
"Yum! Brands, Inc.",YUM
Fastenal Company,FAST
"World Wrestling Entertainment, Inc.",WWE
Hikma Pharmaceuticals Public Limited Company,HKMPF
MediaTek Inc.,MDTKF
SK hynix Inc.,HY9H
"China Merchants Bank Co., Ltd.",CIHKY
Booz Allen Hamilton Holding Corporation,BAH
SIG Group AG,SIGN
Kingspan Group Public Limited Company,KGP
"Advanced Drainage Systems, Inc.",WMS
FinVolution Group,FINV
"360 DigiTech, Inc.",QFIN
Energy Technologies Limited,EGY
Danaos Corporation,DAC
Star Bulk Carriers Corp.,SBLK
Gerdau SA,GGB
Bancolombia SA,CIB
China Petroleum & Chemical Corporation,SNP
GeoPark Limited,GPRK
PetroChina Company Limited,PTR
Cosan SA,CSAN
Suzano SA,SUZ
Sendas Distribuidora SA,ASAI
Ecopetrol SA,EC
National Steel Company,SID
Healthcare Realty Trust Incorporated,HR
"Equity Lifestyle Properties, Inc.",ELS
Equity Residential,EQR
"Gaming and Leisure Properties, Inc.",GLPI
Ecolab Inc.,ECL
Boralex Inc.,BLX
iShares Glbl Infra,IGF
USD Em Mrkts Bd Ix ETF (C-H),XEB
Slr Investment Corp.,SLRC
Fidus Investment Corporation,FDUS
Blackrock Capital Investment Corporation.,BKCC
"Old Dominion Freight Line, Inc.",ODFL
Gladstone Capital Corporation,GLAD
Oaktree Specialty Lending Corporation,OCSL
Pennantpark Floating Rate Capital Ltd.,22P
New Mountain Finance Corporation,NMFC
Saratoga Investment Corp.,SAT
"Carlyle Secured Lending, Inc.",CGBD
Winpak Ltd.,WPK
MTY Food Group Inc.,MTY
BRP Inc.,DOO
Spin Master Corp.,TOY
Canfor Corporation,CFP
Linamar Corporation,LNR
Westshore Terminals Investment Corporation,WTE
Celestica Inc.,CLS
Guardian Capital Group Limited,GCG
"Lamb Weston Holdings, Inc.",LW
"Cullen/Frost Bankers, Inc.",CFR PR B
Envista Holdings Corporation,NVST
"Five Below, Inc.",FIVE
"Rockwell Automation, Inc.",ROK
"Interactive Brokers Group, Inc.",IBKR
Nordson Corporation,NDSN
"Charles River Laboratories International, Inc.",CRL
RBC Quant EAFEEqLds (Hgd) ETF,RIEH
CI Global REIT Priv Pl ETF,CGRE
Murphy Oil Corporation,MUR
Swire Pacific Limited,SWRAY
"Sekisui House,Ltd.",SKHSF
Computershare Limited,CMSQF
Natwest Group Plc,NWG
SunOpta Inc.,STKL
CI Galaxy Bitcoin ETF (USD),BTCX.U
CI Galaxy Ethereum ETF (USD),ETHX.U
"Contemporary Amperex Technology Co., Ltd.",300750
Kakao Corp.,035720
"Shinhan Financial Group Co.,Ltd",SHG
"Midea Group Co., Ltd.",000333
Xpeng Inc.,XPEV
Waters Corporation,WAT
Biogen Inc.,BIIB
BioNTech SE,BNTX
"Abiomed, Inc.",ABMD
"Intra-Cellular Therapies, Inc.",ITCI
"Zimmer Biomet Holdings, Inc.",ZBH
Superior Plus Corp.,SPB
Carrier Global Corporation,CARR
"The Hartford Financial Services Group, Inc.",HIG PR G
TE Connectivity Ltd,TEL
Brookfield Renewable Corporation,BEPC
"Hasbro, Inc.",HAS
Regal Rexnord Corporation,RRX
On Semiconductor Corporation,ON
Magna International Inc.,MGA
Snc-Lavalin Group Inc.,SNC
Stantec Inc.,STN
Juniper II Corp,JUN
Cielo SA,CIOXY
Johnson Service Group Plc,JSVGF
"The Realreal, Inc.",REAL
Definity Financial Corp,DFY
"Expeditors International Of Washington, Inc",EXPD
"Moneygram International, Inc.",MGI
Canaan Inc,CAN
"Robinhood Markets, Inc.",HOOD
HIVE Blockchain Technologies Ltd.,HIVE
Microstrategy Incorporated,MSTR
Silvergate Capital Corporation,SI
"Cleanspark, Inc.",CLSK
"Remitly Global, Inc",RELY
Galaxy Digital Holdings Ltd.,7LX
"Riot Blockchain, Inc.",RIOT
"Marathon Digital Holdings, Inc.",MARA
"Crowdstrike Holdings, Inc.",CRWD
Veeva Systems Inc.,VEEV
Gitlab Inc.,GTLB
"Ionis Pharmaceuticals, Inc.",IONS
"Match Group, Inc.",MTCH
"Chinook Therapeutics, Inc.",KDNY
Atlassian Corporation Plc,TEAM
"Procore Technologies, Inc.",PCOR
Naspers Limited,NNWN
"Zhejiang Sanhua Intelligent Controls Co.,Ltd.",002050
Vipshop Holdings Limited,VIPS
B3 SA Brasil Bolsa Balcao,B3SA3
XP Inc.,XPBR31
"Shenzhen Mindray Bio-Medical Electronics Co., Ltd.",300760
Rh,RH
2020 Cash Mandatory Exchangeable Trust,CSHZZ
Murphy Usa Inc.,MUSA
Amphenol Corporation,APH
Vanguard S&P 500 Index ETF CAD,VSP
iShares Core MSCI EAFE,IEFA
Tres-Or Resources Ltd.,TRS
Meg Energy Corp.,MEG
Whitecap Resources Inc.,WCP
Baytex Energy Corp.,BTE
Parex Resources Inc.,PXT
Peyto Exploration & Development Corp.,PEY
Paramount Resources Ltd.,POU
Nuvista Energy Ltd.,NVA
Spartan Delta Corp.,SDE
Tamarack Valley Energy Ltd.,TVE
Secure Energy Services Inc.,SES
Athabasca Oil Corporation,ATH
Trimas Corporation,TRS
Onex Corporation,ONEX
goeasy Ltd.,GSY
America Mobile,AMOV
Boardwalk Real Estate Investment Unt,BEI.UN
Dream Office Reit Unt,D.UN
Fiera Capital Corp,FSZ.DB.A
Gold Fields Limited,GFI
Osisko Gold Royalties Ltd,OR.DB
OceanaGold Corporation,OGC
K92 Mining Inc.,KNT
Novagold Resources Inc.,NG
Eldorado Gold Corporation,ELD
Sandstorm Gold Ltd.,SAND
Wesdome Gold Mines Ltd.,WDO
Glaxosmithkline Capital Plc,71ZC
ATS Automation Tooling Systems Inc.,ATA
Adyen NV,ADYEN
Stellantis NV,STLA
Partners Group Holding AG,PGPHF
Ferguson Plc,FERG
Asian Development Bank,ADB.SB.A
Indonesia Energy Corporation Limited,INDO
"Centerpoint Energy, Inc.",CNP
Atmos Energy Corporation,ATO
"Essential Utilities, Inc.",WTRG
Blackberry Limited,BB
Kinaxis Inc.,KXS
Vulcan Materials Company,VMC
Lkq Corporation,LKQ
"NVR, Inc.",NVR
"D.R. Horton, Inc.",DHI
"Mondelez International, Inc.",MDLZ
Invesco NASDAQ 100,QQQM
Compagnie Generale des Etablissements Michelin SCA,ML
Compagnie de Saint Gobain SA,SGON
Biohaven Pharmaceutical Holding Company Limited,BHVN
"Shockwave Medical, Inc.",SWAV
Southstate Corporation,SSB
"Saia, Inc.",SAIA
"Texas Roadhouse, Inc.",TXRH
"Inspire Medical Systems, Inc.",INSP
Synaptics Incorporated,SYNA
"Amn Healthcare Services, Inc.",AMN
Matador Resources Company,MTDR
"Tenable Holdings, Inc.",TENB
"Glacier Bancorp, Inc.",GBCI
"First Financial Bankshares, Inc.",FFIN
Silicon Laboratories Inc.,SLAB
"Qualys, Inc.",QLYS
"Intellia Therapeutics, Inc.",NTLA
Energix - Renewable Energies Ltd,ENREF
Industria de Diseno Textil SA,IDEXY
"Workman Co.,Ltd.",WKISF
Orkla ASA,ORK
Kesko Corporation,KKOYF
James Hardie Industries Public Limited Company,JHX
"Welcia Holdings Co.,Ltd.",WLCGF
"Toei Animation Co.,Ltd.",TOEAF
Puma SE,PUM
SalMar ASA,SALM
"MonotaRO Co.,Ltd.",MONOF
Rightmove Plc,RMV
Auto Trader Group Plc,AUTO
Novozymes A/S,NVZMF
Viatris Inc.,VTRS
Royalty Pharma Plc,RPRX
Organon & Co.,7XP
AutoCanada Inc.,ACQ
Corus Entertainment Inc.,CJR.B
"TurnKey Capital, Inc.",TKCI
Chakana Copper Corp.,PERU
Cyrela Brazil Realty SA Empreendimentos e Participacoes,CYRBY
Lightspeed Commerce Inc.,LSPD
Nuvei Corp,NVEI
Telus International (Cda) Inc,TIXT
"Sierra Wireless, Inc.",SW
Dye & Durham Limited,DND
Converge Technology Solutions Corp.,CTS
Absolute Software Corporation,ABST
Softchoice Corporation,SFTC
Tecsys Inc.,TCS
Hut 8 Mining Corp.,HUT
Evertz Technologies Limited,ET
Quarterhill Inc.,QTRH.DB
Magnet Forensics Inc.,MAGT
Alithya Group Inc.,ALYA
Sylogist Ltd.,SYZ
Haivision Systems Inc.,HAI
SKY Perfect JSAT Holdings Inc.,SKPJY
Stolt-Nielsen Limited,SOIEF
"The Okinawa Electric Power Company, Incorporated",OKEPF
"Belluna Co.,Ltd.",73L
EDION Corporation,9H2
Bell Food Group Ltd,BWGA
Hokuetsu Corporation,HPE
WH Group Limited,0WHS
Berner Kantonalbank AG,BEHV
VSTECS Holdings Limited,856
Enea S.A.,ENA
"The Iyo Bank, Ltd.",5EH
TAURON Polska Energia S.A.,TPE
Tabcorp Holdings Limited,THL
"Rengo Co., Ltd.",RNGOF
"Leggett & Platt, Incorporated",LEG
Ugi Corporation,UGI
"Franklin Resources, Inc.",FRK
"Walgreens Boots Alliance, Inc.",WBA
"South Jersey Industries, Inc.",SJI
"United Bankshares, Inc.",UBSI
"Prosperity Bancshares, Inc.",PB
V.F. Corporation,VFC
"Nu Skin Enterprises, Inc.",NUS
Genuine Parts Company,GPC
Bunge Limited,BG
"Tyson Foods, Inc.",TSN
CNH Industrial NV,CNHI
"Intrepid Potash, Inc.",IPI
Pilgrim'S Pride Corporation,PPC
"The Andersons, Inc.",ANDE
Agco Corporation,AGCO
"Titan International, Inc.",TWI
Origin Agritech Limited,SEED
American Vanguard Corporation,AVD
"Cal-Maine Foods, Inc.",CM2
Fresh Del Monte Produce Inc.,FDP
Alamo Group Inc.,ALG
Ha Noi South Housing And Urban Development Corporation,NHA
Xylem Inc.,XYL
Halma Public Limited Company,H11
Severn Trent Plc,SVT
United Utilities Group Plc,UU.
Pentair Public Limited Company,PNR
Olin Corporation,OLN
Georg Fischer Ltd.,GFI
Evoqua Water Technologies Corp.,AQUA
Kurita Water Industries Ltd.,6370N
Zurn Elkay Water Solutions Corporation,ZWS
Aalberts NV,AALB
"Watts Water Technologies, Inc.",WTS
California Water Service Group,CWT
Guangdong Investment Limited,GGDVF
"Sumitomo Mitsui Financial Group, Inc.",SMFG
Oge Energy Corp.,OGE
"Nrg Energy, Inc.",NRG
"Sterling Infrastructure, Inc.",STRL
"NV5 Global, Inc.",NVEE
"Mastec, Inc.",MTZ
"Ventas, Inc.",VTR
Ares Management Corporation,ARES
Eqt Ab,EQT1N
Intermediate Capital Group Plc,I2X2
The Carlyle Group Inc.,CG
Investment AB Latour,IVTBF
Hgcapital Trust Plc,HGT
Encavis AG,ECV
Wendel SE,MF
3I Infrastructure Plc,2272
Eurazeo SE,RF
"JAFCO Group Co., Ltd.",JAF
StepStone Group Inc,STEP
AURELIUS Equity Opportunities SE & Co KgaA,AR4
"Steel Dynamics, Inc.",STLD
"Builders Firstsource, Inc.",BLDR
Service Corporation International,SCI
Alcoa Corporation,AA
Cleveland-Cliffs Inc.,CLF
Graco Inc,GGG
United Therapeutics Corporation,UTHR
Hubbell Incorporated,HUBB
Aecom,ACM
Jones Lang Lasalle Incorporated,JLL
Eagle Materials Inc.,EXP
Louisiana-Pacific Corporation,LPX
Extendicare Inc.,EXETF
Southern Copper Corporation,SCCO
Arconic Corporation,ARNC
Lithium Americas Corp.,LAC
Turquoise Hill Resources Ltd.,TRQ
MP Materials Corp,MP
Constellium Se,CSTM
Materion Corporation,MTRN
"Compass Minerals International, Inc.",CMP
Kaiser Aluminum Corporation,KALU
Filo Mining Corp.,FIL
Hudbay Minerals Inc.,HBM
Sigma Lithium Corporation,SGML
Ero Copper Corp.,ERO
Capstone Copper Corp,CS
"Nexstar Media Group, Inc.",NXST
Omnicom Group Inc.,OMC
"The Interpublic Group Of Companies, Inc.",IPG
Paramount Global,PARA
Primo Water Corporation,PRMW
Check Point Software Technologies Ltd.,CHKP
"Zscaler, Inc.",ZS
"Okta, Inc.",OKTA
Gds Holdings Limited,GDS
Cyberark Software Ltd.,CYBR
"Rapid7, Inc.",RPD
Nextdc Limited,NXDCF
"Sentinelone, Inc.",S
"Varonis Systems, Inc.",VRNS
Netcompany Group A/S,NTCYF
Darktrace Plc,DARK
"Cyxtera Technologies, Inc.",CYXT
secunet Security Networks AG,YSN
Ping Identity Holding Corp.,PING
Capital One Financial Corporation,COF
"Alnylam Pharmaceuticals, Inc.",ALNY
NortonLifeLock Inc.,NLOK
Jazz Pharmaceuticals Public Limited Company,JAZZ
Cronos Group Inc.,CRON
The Scotts Miracle-Gro Company,SMG
"Tilray Brands, Inc.",TLRY
Canopy Growth Corporation,CGC
"Constellation Brands, Inc.",STZ.B
"Village Farms International, Inc.",VFF
Organigram Holdings Inc.,OGI
"Wm Technology, Inc",MAPS
"22Nd Century Group, Inc.",XXII
"Leafly Holdings, Inc.",LFLY
Aurora Cannabis Inc.,ACB
GrowGeneration Corp.,GRWG
Intercure Ltd.,INCR
"Hydrofarm Holdings Group, Inc.",HYFM
Forian Inc.,FORA
High Tide Inc.,HITI
Hexo Corp.,HEXO
Riv Capital Inc.,CNPOF
Cardiol Therapeutics Inc.,CRDL
Fire & Flower Holdings Corp.,2QL0
iShares 0-5 TIPS Bd ETF,STIP
iShares Sel Div ETF,DVY
Valero Energy Corporation,VLO
"Conagra Brands, Inc.",CAG
Hilton Worldwide Holdings Inc.,HLT
Southwest Airlines Co.,LUV
"Delta Air Lines, Inc.",DAL
Las Vegas Sands Corp.,LVS
Mgm Resorts International,MGM
"Vail Resorts, Inc.",MTN
"Caesars Entertainment, Inc.",CZR
Carnival Corp,CCL
Churchill Downs Incorporated,CHDN
"Wynn Resorts, Limited",WYNN
"Wyndham Hotels & Resorts, Inc.",WH
"Penn National Gaming, Inc.",PENN
"Alaska Air Group, Inc.",ALK
Norwegian Cruise Line Holdings Ltd.,NCLH
Marriott Vacations Worldwide Corporation,VAC
Horizons USD CashMaximizer ETF,HSUV.U
Australia And New Zealand Banking Group Limited,ANZ
Westpac Banking Corporation,WBC
United States Steel Corporation,X
Asustek Computer Incorporation,2357
"Samsung Electro-Mechanics Co.,Ltd",009150
Lite-On Technology Corporation,2301
Xiaomi Corporation,XIACY
Pegatron Corporation,4938
Agricultural Bank Of China Limited,ACGBY
"ADVANTECH Co., Ltd.",2395
PICC Property and Casualty Company Limited,PPCCY
China Development Financial Holding Corp.,2883
BELLUS Health Inc.,BLU
Energy Fuels Inc.,UUUU
Pason Systems Inc.,PSI
Dundee Precious Metals Inc.,DPM
SilverCrest Metals Inc.,SIL
Denison Mines Corp.,DNN
Sleep Country Canada Holdings Inc.,ZZZ
Seabridge Gold Inc.,SEA
Badger Infrastructure Solutions Ltd,BDGI
Headwater Exploration Inc.,HWX
Precision Drilling Corporation,PDS
Repligen Corporation,RGEN
"Williams-Sonoma, Inc.",WSM
"Wolfspeed, Inc.",WOLF
Methanex Corporation,MEOH
Invesco Gl Lst Pr Eq,PSP
Brookfield Infrastructure Corporation,BIPC
China Life Insurance Company Limited,LFC
"Nongfu Spring Co., Ltd.",7NF
CAE Inc.,CAE
China Mengniu Dairy Company Limited,2319
Li Auto Inc.,2015
Longfor Group Holdings Limited,960
Country Garden Services Holdings Company Limited,6098
CITIC Limited,267
"Postal Savings Bank Of China Co., Ltd.",1658
Southwestern Energy Company,SWN
Sm Energy Company,SM
"Civitas Resources, Inc.",CIVI
Livent Corporation,LTHM
"Omnicell, Inc.",OMCL
"Ufp Industries, Inc.",UFPI
"Exlservice Holdings, Inc.",EXLS
"Lantheus Holdings, Inc.",LNTH
"The Ensign Group, Inc.",ENSG
"Asbury Automotive Group, Inc.",ABG
"Patterson-Uti Energy, Inc.",PTEN
Assured Guaranty Ltd.,AGO
"Servisfirst Bancshares, Inc.",SFBS
Balchem Corporation,BCPC
"Applied Industrial Technologies, Inc.",AIT
Onto Innovation Inc.,ONTO
Independent Bank Corp.,INDB
John Bean Technologies Corporation,JBT
Pinduoduo Inc.,PDD
Hindustan Unilever Limited,500696
Hcl Technologies Limited,HCLTECH
Asian Paints Limited,ASIANPAINT
Adani Total Gas Limited,542066
Hindalco Industries Limited,HINDALCO
Adani Green Energy Limited,541450
Axis Bank Limited,532215
State Bank of India,500112
Britannia Industries Ltd,BRITANNIA
Upl Limited,UPL
Eicher Motors Limited,505200
Grasim Industries Ltd,GRASIM
Dabur India Limited,500096
Hapag Lloyd AG,HLAG
Atlas Copco AB,ATLPF
Coloplast A/S,CLPBY
Invesco F R US 1K,PRF
FT VI S&P Itl Div Arstcr,FID
Samsung C&T Corporation,028260
"Celltrion Healthcare Co., Ltd.",091990
Avenue Supermarts Limited,DMART
China Resources Gas Group Limited,CGASY
Wan Hai Lines Ltd.,2615
Apollo Hospitals Enterprise Limited,APOLLOHOSP
Yang Ming Marine Transport Corporation,2609
Omv Ag,OMV
Holcim Ltd,HLB
EDP Energias de Portugal SA,EDP
"China Yangtze Power Co., Ltd.",CYZB
Daqo New Energy Corp.,DQ
Hanwha Solutions Corporation,009835
Bloom Energy Corporation,BE
"JinkoSolar Holding Co., Ltd.",JKS
Energy Absolute Public Company Limited,EAPBF
ASM International NV,ASM
Publicis Groupe SA,PUB
NN Group NV,NN
President Chain Store Corporation,2912
"Far EasTone Telecommunications Co., Ltd.",4904
Airports of Thailand Public Company Limited,NYVQ
Malayan Banking Berhad,MLYNF
Mobile Telecommunications Limited,532127
iShares MSCI USA QF,QUAL
Evlve AutombleInnvtn Idx ETF,CARS.B
Mettler-Toledo International Inc.,MTD
SoftBank Group Corp.,0R15
Nio Inc.,N3IA
Visteon Corporation,VC
Gentex Corporation,GNTX
"Microvision, Inc.",MVIS
"Cirrus Logic, Inc.",CRUS
Gentherm Incorporated,THRM
GS Yuasa Corporation,GYUAF
Melexis NV,MLXSF
Sitime Corporation,SITM
STMicroelectronics NV,STM
Enersys,ENS
Fluence Energy Inc,FLNC
Infineon Technologies AG,IFNNF
"Lucid Group, Inc",LCID
"Skyworks Solutions, Inc.",SWKS
Nustar Energy L.P.,NS PR B
"DCP Midstream, LP",DCP PR C
Brookfield Property Partners L.P.,BPYPN
Siriuspoint Ltd.,SPNT PR B
"Fossil Group, Inc.",FOSLL
Iamgold Corporation,IMG
New Gold Inc.,NGD
Torex Gold Resources Inc.,TXG
Osisko Mining Inc.,OSK
Lundin Gold Inc.,LUG
Orla Mining Ltd.,OLA
Karora Resources Inc.,KRR
Victoria Gold Corp.,VGCX
General Electric Company,GE
Norfolk Southern Corporation,NSC
Ball Corporation,BALL
Otis Worldwide Corporation,OTIS
The Toro Company,TTC
Yellow Cake Plc,YLLXF
Paladin Energy Ltd,PDN
Uranium Energy Corp.,U6Z
CGN Mining Company Limited,CGNMF
Boss Energy Ltd,BOE
Global Atomic Corporation,GLO
Fission Uranium Corp.,FCUUF
Centrus Energy Corp.,LEU
enCore Energy Corp.,EU
Isoenergy Ltd.,ISO
Ur-Energy Inc.,URG
Uranium Royalty Corp.,URC
Lotus Resources Limited,LOT
Bannerman Energy Ltd,BMN
Deep Yellow Limited,DYL
UEX Corporation,UEXCF
Vimy Resources Limited,VMY
Peninsula Energy Limited,PEN
Goviex Uranium Inc.,GXU
Forsys Metals Corp.,FSY
Link Real Estate Investmnt Trust Reit Unt,LKREF
Teva Pharmaceutical Industries Limited,TEVA
Itc Limited,ITC
Bajaj Finance Limited,BAJFINANCE
Maruti Suzuki India Limited,532500
Bajaj Finserv Limited,532978
Power Grid Corporation Of India Limited,POWERGRID
Ntpc Limited,NTPC
"Avnet, Inc.",AVT
"Mandiant, Inc.",MNDT
"Arrow Electronics, Inc.",ARW
Western Digital Corporation,WDC
Corning Incorporated,GLW
Hewlett Packard Enterprise Company,HPE
"Qorvo, Inc.",QRVO
Iac/Interactivecorp.,IAC
Dxc Technology Company,DXC
"Pure Storage, Inc.",PSTG
Td Synnex Corporation,SNX
"Dynatrace, Inc.",DT
"Uipath, Inc.",PATH
Cognex Corporation,CGNX
SenseTime Group Inc.,SNTMF
AutoStore Holdings Ltd.,1IG
Pegasystems Inc.,PEGA
Tecan Group Ltd.,TEN
Renishaw P L C,REW
Upstart Holdings Inc,UPST
"Aerovironment, Inc.",AVAV
Appian Corporation,APPN
Maxar Technologies Inc.,MAXR
"C3.Ai, Inc.",AI
BANDAI NAMCO Holdings Inc.,N9B
Applovin Corporation,APP
"KRAFTON, Inc.",259960
Embracer Group AB,TH9
Bilibili Inc.,BILI
Ncsoft Corporation,036570
"Square Enix Holdings Co.,Ltd.",EI4
Playtika Holding Corp.,PLTK
Netmarble Corporation,251270
Kakao Games Corp.,293490
PearlAbyss Corp.,263750
Fidelity Minerals Corp.,S5G
Martinrea International Inc.,MRE
Cargojet Inc.,CJ8A
Aecon Group Inc.,2AE
Sysco Corporation,SYY
Emerson Electric Co.,EMR
Eastman Chemical Company,EMN
"DuPont de Nemours, Inc.",DD
ArcelorMittal SA,MT
Ternium SA,TX
ATI Inc.,ATI
Tredegar Corporation,TG
Carpenter Technology Corporation,CRS
"Mueller Industries, Inc.",MLI
Nexa Resources SA,NEXA
"Haynes International, Inc.",HAYN
Ferroglobe Plc,GSM
Luxfer Holdings Plc,LXFR
Solaris Resources Inc.,SLS
Altius Minerals Corporation,ALS
Taseko Mines Limited,TGB
Copper Mountain Mining Corporation,CMMC
Leon'S Furniture Limited,LNF
Restaurant Brands International Unt,RSTRF
"Yonex Co., Ltd.",YONXF
Plus500 Ltd,PLSQF
"Osaka Soda Co., Ltd.",DACLF
Sonae SGPS SA,YSON
"Tomy Company, Ltd.",TOMYY
Metcash Limited,MG9
Rheinmetall AG,RHMB
"Kintetsu World Express, Inc.",704
Grieg Seafood ASA,GR8
Sampo plc,SAMPO
Lovisa Holdings Limited,LOV
FT II Nsdq Cybersecurity,CIBR
Allkem Limited,AKE
Liontown Resources Limited,LTR
"Eternal Materials Co., Ltd.",1717
Core Lithium Ltd,CXO
China Steel Chemical Corporation,1723
"International CSRC Investment Holdings Co., Ltd.",2104
Vulcan Energy Resources Limited,VUL
Sayona Mining Limited,SYA
Coremax Corporation,4739
American Lithium Corp.,5LA1
"Cosmo Chemical Co., Ltd.",005420
Leo Lithium Ltd,LLL
Atlantic Lithium Limited,BSG
Firefinch Limited,FFX
Lepidico Ltd.,LPD
"Mohawk Industries, Inc.",MHK
Snap-On Incorporated,SNA
Knight-Swift Transportation Holdings Inc.,KNX
"Ryder System, Inc.",R
"Schneider National, Inc.",SNDR
Sealed Air Corporation,SEE
Westrock Company,WRK
"Allison Transmission Holdings, Inc.",ALSN
Cummins Inc.,CMI
Masimo Corporation,MASI
"First Citizens Bancshares, Inc.",FCNCA
Ebay Inc.,EBAY
Deutsche Bank AG,DB
"Akamai Technologies, Inc.",AKAM
"Epam Systems, Inc.",EPAM
"Docusign, Inc.",DOCU
"Overstock.Com, Inc.",OSTK
Paysafe Limited,PSFE
Conduent Incorporated,CNDT
"Core Scientific, Inc.",CORZ
The Bank Of New York Mellon Corporation,BK
State Street Corporation,STT
Northern Trust Corporation,NTRS
Ally Financial Inc.,ALLY
Globalfoundries Inc.,GFS
"Monolithic Power Systems, Inc.",MPWR
BMO US Pref Share Idx ETF USD,ZUP.U
iShares Core S&P Sm-Cp,IJR
Parker-Hannifin Corporation,PH
Resmed Inc.,RMD
"Ametek, Inc.",AME
"United Rentals, Inc.",URI
Vanguard Cn ST Bd Idx ETF,VSB
BMO Equal Wegt REITs Index ETF,BMQWF
iShares S&P/TSX CapFin Idx ETF,ITSXF
Vanguard US Div App Idx ETF,VGG
Shawcor Ltd.,SCL
Tidewater Midstream And Infrastructure Ltd.,TWM.DB
Enerflex Ltd.,EFX
Tidewater Renewables Ltd.,LCFS
Fujitsu Limited,FJTSY
Orix Corporation,IX
Bt Group Plc,BTGOF
National Fuel Gas Company,NFG
"Bj'S Wholesale Club Holdings, Inc.",BJ
Hk Electric Investments Ord,HKCVF
Uol Group Limited,UOLGF
Lonza Group Ltd,LZAGY
Icon Public Limited Company,ICLR
Bio-Techne Corporation,TECH
Unicredit SpA,UNCFF
"Mongodb, Inc.",MDB
"Paycom Software, Inc.",PAYC
"Netapp, Inc.",NTAP
"Hubspot, Inc.",HUBS
Splunk Inc.,SPLK
iShares MSCI China A,CNYA
"Premier, Inc.",PINC
Quidelortho Corporation,QDEL
"Molina Healthcare, Inc.",MOH
Incyte Corporation,INCY
iShares MSCI USA Mom Fct,MTUM
"Evergy, Inc.",EVRG
"Continental Resources, Inc.",CLR
"Fidelity National Financial, Inc.",FNF
Cna Financial Corporation,CNA
Alliant Energy Corporation,LNT
"OneMain Holdings, Inc.",OMF
Packaging Corporation Of America,PKG
Daiwa House Reit Investment Corporation,DAWUF
iShares MSCI USA Val Fct,VLUE
Evolution Mining Limited,EVN
DREAM Unlimited Corp,DRUNF
Bezeq The Israeli Telecommunication Corp Ltd,BZQIF
Tele2 AB,TEL2BN
"DigitalOcean Holdings, Inc.",DOCN
"Bentley Systems, Incorporated",BSY
Aveva Group Plc,AVVN
Altair Engineering Inc.,ALTR
Ptc Inc.,PTC
"Netscout Systems, Inc.",NTCT
"Cloudflare, Inc.",NET
Orion Corporation,ORINY
"Cross Country Healthcare, Inc.",CCRN
"Valhi, Inc.",VHI
Arcbest Corporation,ARCB
"Mattel, Inc.",MAT
"Avid Technology, Inc.",AVID
"Kronos Worldwide, Inc.",KRO
"Gartner, Inc.",IT
Griffon Corporation,GFF
"Dillard'S, Inc.",DDS
"Choice Hotels International, Inc.",CHH
"Marcus & Millichap, Inc.",MMI
Mapletree Industrial Unt,MAPIF
Singapore Telecommunications Limited,SNGNF
Mapletree Logistics Trust Unt,MAPGF
Suntec Unt,SURVF
Erie Indemnity Company,ERIE
Pinnacle West Capital Corporation,PNW
Wd-40 Company,WDFC
International Flavors & Fragrances Inc.,IFF
Sensient Technologies Corporation,SXT
Chesapeake Utilities Corporation,CPK
Lattice Semiconductor Corporation,LSCC
"Macronix International Co., Ltd.",2337
"Transcend Information, Inc.",2451
Oracle Corporation Japan,OCLCF
"Via Technologies, Inc.",2388
Winbond Electronics Corporation,2344
Nanya Technology Corporation,2408
Wiwynn Corporation,6669
"Bgc Partners, Inc.",BGCP
"Sprouts Farmers Market, Inc.",SFM
"United Natural Foods, Inc.",UNFI
"Ingles Markets, Incorporated",IMKTA
Edgewell Personal Care Company,EPC
"Group 1 Automotive, Inc.",GPI
"Berry Global Group, Inc.",BERY
"Penske Automotive Group, Inc.",PAG
"Atlas Air Worldwide Holdings, Inc.",AAWW
"Owens & Minor, Inc.",OMI
"M/I Homes, Inc.",MHO
"Pdc Energy, Inc.",PDCE
Banco Bilbao Vizcaya Argentaria SA,BBVA
Mapfre SA,MAP
Japan Gold Corp.,JGLDF
BNP Paribas SA,BNPQF
Schindler Holding Ltd.,SCHN
Ems Chemie Holding AG,EMSN
United Microelectronics Corp.,UMC
KB Financial Group Inc.,KB
"Wuliangye Yibin Co., Ltd.",000858
"East Money Information Co., Ltd.",300059
"WuXi AppTec Co., Ltd.",WX8
iShares Core US Agg Bd,AGG
"Perkinelmer, Inc.",PKI
Horizon Therapeutics Public Limited Company,HZNP
Exact Sciences Corporation,EXAS
"Teladoc Health, Inc.",TDOC
CRISPR Therapeutics Ltd,CRSP
"Novavax, Inc.",NVAX
"10X Genomics, Inc.",TXG
KraneShs Glbl Crbn Strat,KRBN
NFI Group Inc.,9NF
"Shanghai Junshi Biosciences Co., Ltd.",SHJBF
Sabre Corporation,SABR
PolyMet Mining Corp.,PLM
"American Campus Communities, Inc.",ACC
"Littelfuse, Inc.",LFUS
"Skechers U.S.A., Inc.",SKX
"Fti Consulting, Inc.",FCN
"Kbr, Inc.",KBR
Change Healthcare Inc.,CHNG
Brixmor Property Group Inc.,BRX
Valvoline Inc.,VVV
"Azenta, Inc.",AZTA
The Chemours Company,CC
Nielsen Holdings Plc,NLSN
Telefonica Brasil SA,TSPA
Fresenius Medical Care AG & Co KGaA,FMEA
Maravai LifeSciences Holdings Inc,MRVI
Blueprint Medicines Corporation,BPMC
"Fate Therapeutics, Inc.",FATE
Evotec SE,EVO
"Beigene, Ltd.",BGNE
Beam Therapeutics Inc.,BEAM
"Iovance Biotherapeutics, Inc.",IOVA
Ligand Pharmaceuticals Incorporated,LGND
Twist Bioscience Corporation,TWST
Invitae Corporation,NVTA
"Arcus Biosciences, Inc.",RCUS
Valneva SE,VALN
FT Dow Jones Internet ETF H,FDN.F
The Hong Kong And China Gas Company Limited,HCGS
"Alarm.Com Holdings, Inc.",ALRM
Discover Financial Services,DFS
"The Trade Desk, Inc.",TTD
"Etsy, Inc.",ETSY
Lasertec Corporation,LSRCF
Invesco F R Em Mkt,PXH
Lg Chem Ltd,051910
"Sarepta Therapeutics, Inc.",SRPT
Cabot Corporation,CBT
Ballard Power Systems Inc.,BLDP
"Doosan Fuel Cell Co., Ltd.",DOOSF
"Fuelcell Energy, Inc.",FCEL
Johnson Matthey Plc,JMPLF
Itm Power Plc,ITMPF
Chung-Hsin Electric & Machinery Mfg. Corp.,1513
Powercell Sweden AB (publ),27W
"Heliogen, Inc",HLGN
Hexagon Composites ASA,HXGCF
SFC Energy AG,F3C
Afc Energy Plc,AFGYF
"Kaori Heat Treatment Co., Ltd.",8996
mPlus corp,259630
"Advent Technologies Holdings, Inc.",ADN
Xebec Adsorption Inc.,XBC
iShares Floating Rt Bond,FLOT
The Kraft Heinz Company,KHC
"Verisign, Inc.",VRSN
CI U.S. 500 Index ETF,CUSA.B
Avery Dennison Corporation,AVY
"Leidos Holdings, Inc.",LDOS
Willscot Mobile Mini Holdings Corp.,WSC
"Entegris, Inc.",ENTG
Textron Inc.,TXT
Invesco NASDAQ NG 100,QQQJ
FT II Cloud Computing,SKYY
Dynavax Technologies Corporation,DVAX
"Vaxcyte, Inc.",PCVX
CureVac NV,CVAC
"Immunitybio, Inc.",IBRX
3SBio Inc.,83B
Adaptive Biotechnologies Corporation,ADPT
"Meridian Bioscience, Inc.",VIVO
Imugene Limited,IUGNF
Emergent Biosolutions Inc.,EBS
"Martin Marietta Materials, Inc.",MLM
Dover Corporation,DOV
Ingersoll Rand Inc.,IR
Jacobs Engineering Group Inc.,J
Westinghouse Air Brake Technologies Corporation,WAB
Glbl X Cybersecurity,BUG
FT II Indxx NextG,NXTG
"Allogene Therapeutics, Inc.",ALLO
"Innovent Biologics, Inc.",IVBXF
"Editas Medicine, Inc.",EDIT
Genscript Biotech Corporation,GNNSF
"Sorrento Therapeutics, Inc.",SRNE
"Guardant Health, Inc.",GH
Tencent Music Entertainment Group,TME
Universal Music Group NV,UMG
Cdw Corporation,CDW
Coca-Cola Europacific Partners Plc,CCEP
Trimble Inc.,TRMB
"Costar Group, Inc.",CSGP
"Teradyne, Inc.",TER
Northern Data AG,NB2
Argo Blockchain Plc,ARBK
Bitfarms Ltd.,BITF
Aker ASA,AKAAF
Iris Energy Limited,IREN
